Model,k,alpha,a1,gamma,SSE,LL,AIC,BIC,RMSE,Participant,n
Null,0,NA,NA,NA,5.295000000000002,422.08009855302873,-842.1601971060575,-837.9536211793326,0.10332184292687803,p301,496
Perfect Pooling,0,NA,NA,NA,18.827829861111116,107.47396777835615,-212.9479355567123,-208.7413596299874,0.19483155390593548,p301,496
Partial Pooling,1,NA,NA,-0.5940428838785595,3.887091315018288,498.73735364392144,-993.4747072878429,-985.061555434393,0.08852614106153361,p301,496
Compression + Pooling,1,0.6351051859498712,NA,NA,2.526337757824515,605.5981769359879,-1207.1963538719758,-1198.783202018526,0.0713682205105308,p301,496
Compression + Partial Pooling,2,0.7594275231899263,NA,0.20261500170872537,1.5683318714573178,723.8342044007439,-1441.6684088014879,-1429.048681021313,0.056231302832681386,p301,496
Linear Compression + Partial Pooling,3,0.7959646791232948,-0.08096009005801134,0.20845910537974133,1.5612412857188378,724.9579795507267,-1441.9159591014534,-1425.0896553945536,0.05610404515271298,p301,496
Null,0,NA,NA,NA,3.5700000000000007,350.4807877634853,-698.9615755269706,-695.016154918364,0.09667238353438844,p302,382
Perfect Pooling,0,NA,NA,NA,14.72618055555556,79.8220786833391,-157.6441573666782,-153.69873675807162,0.19634207617935004,p302,382
Partial Pooling,1,NA,NA,-0.2484945453035534,3.26341008255994,367.6312334844715,-731.262466968943,-723.3716257517299,0.09242812521797002,p302,382
Compression + Pooling,1,0.6823588335083609,NA,NA,3.884249323451006,334.36723606449334,-664.7344721289867,-656.8436309117735,0.10083745309262239,p302,382
Compression + Partial Pooling,2,0.8685591783941827,NA,0.13923891760147156,2.8817162557222464,391.38908315220283,-776.7781663044057,-764.9419044785859,0.08685482042888368,p302,382
Linear Compression + Partial Pooling,3,0.6913618401075019,0.39811887570121823,0.10483938762999054,2.754988454523093,399.978885454339,-791.957770908678,-776.1760884742516,0.08492356363845795,p302,382
Null,0,NA,NA,NA,6.127500000000002,179.88474385823656,-357.7694877164731,-353.99804659334313,0.13816216937616815,p303,321
Perfect Pooling,0,NA,NA,NA,23.60350694444445,-36.56691459972154,75.13382919944308,78.9052703225731,0.2711663221747096,p303,321
Partial Pooling,1,NA,NA,-0.8421067022737821,3.2873333940859033,279.8297179265194,-555.6594358530388,-548.1165536067788,0.10119740115372336,p303,321
Compression + Pooling,1,0.5355394489419368,NA,NA,2.3919967551843775,330.86041013441684,-657.7208202688337,-650.1779380225737,0.08632324882196421,p303,321
Compression + Partial Pooling,2,0.6547128282295421,NA,0.37200855209454686,2.2335124285715646,341.8631751646494,-677.7263503292988,-666.4120269599088,0.08341452297726772,p303,321
Linear Compression + Partial Pooling,3,0.7936138115244228,-0.30637384327968625,0.38732203972417606,2.156158549427646,347.52035676299124,-687.0407135259825,-671.9549490334624,0.08195733540615753,p303,321
Null,0,NA,NA,NA,5.575000000000003,427.95154220052495,-853.9030844010499,-849.6686736753315,0.10455320439383775,p304,510
Perfect Pooling,0,NA,NA,NA,21.533281250000005,83.36815876014947,-164.73631752029894,-160.50190679458058,0.2054802182645308,p304,510
Partial Pooling,1,NA,NA,-0.8001307219818264,3.033381907779748,583.14815786234,-1162.29631572468,-1153.8274942732432,0.07712203097891829,p304,510
Compression + Pooling,1,0.611864380202472,NA,NA,2.018246809914445,687.0476323624123,-1370.0952647248246,-1361.6264432733878,0.06290744539485572,p304,510
Compression + Partial Pooling,2,0.7538837196272992,NA,0.10123397136944483,1.110160232462425,839.4674717124165,-1672.934943424833,-1660.2317112476778,0.046656026079534105,p304,510
Linear Compression + Partial Pooling,3,0.7486995456212868,0.011212805270618123,0.10133418647458356,1.1100245080393667,839.4986490530148,-1670.9972981060296,-1654.0596552031561,0.046653173988641376,p304,510
Null,0,NA,NA,NA,4.9375,440.80267662082053,-879.6053532416411,-875.3967632155444,0.09967250195452731,p305,497
Perfect Pooling,0,NA,NA,NA,8.730434027777779,299.16862175325684,-596.3372435065137,-592.128653480417,0.13253778951473527,p305,497
Partial Pooling,1,NA,NA,0.13674709534064575,4.868640907147353,444.2926868081894,-884.5853736163788,-876.1681935641856,0.09897503808170195,p305,497
Compression + Pooling,1,0.8420563746626957,NA,NA,5.897482030822781,396.6525873651791,-789.3051747303582,-780.887994678165,0.10893191005308057,p305,497
Compression + Partial Pooling,2,0.9623478441527793,NA,0.2607556003882447,4.805456023318715,447.53881241901047,-889.0776248380209,-876.4518547597311,0.09833069510706646,p305,497
Linear Compression + Partial Pooling,3,1.4759163561237667,-1.116829328750111,0.2779502932916081,3.43339640092792,531.0850015454226,-1054.1700030908453,-1037.3356429864589,0.08311583636941981,p305,497
Null,0,NA,NA,NA,4.7650000000000015,449.63973251140794,-897.2794650228159,-893.0708749967192,0.09791590856906468,p306,497
Perfect Pooling,0,NA,NA,NA,12.28793402777778,214.23064530419754,-426.4612906083951,-422.2527005822985,0.15723935046790602,p306,497
Partial Pooling,1,NA,NA,-0.348468341375613,4.38335780184444,470.3851300329753,-936.7702600659507,-928.3530800137574,0.09391290328870448,p306,497
Compression + Pooling,1,0.728598234909443,NA,NA,3.932034389147266,497.38666885087434,-990.7733377017487,-982.3561576495555,0.08894682684802492,p306,497
Compression + Partial Pooling,2,0.831405494427411,NA,0.2901430976225849,3.285348519716422,542.038194445429,-1078.076388890858,-1065.450618812568,0.08130411548378376,p306,497
Linear Compression + Partial Pooling,3,0.6862700095455835,0.33546194235622734,0.2207712957075364,3.1712713585415293,550.8202275919451,-1093.6404551838903,-1076.8060950795038,0.07988008314456209,p306,497
Null,0,NA,NA,NA,2.2625000000000006,484.17098782289816,-966.3419756457963,-962.325818486098,0.07428521173778016,p307,410
Perfect Pooling,0,NA,NA,NA,3.0034548611111123,426.0959536056033,-850.1919072112066,-846.1757500515083,0.0855891328455115,p307,410
Partial Pooling,1,NA,NA,-0.15423681225859512,2.253268326667159,485.0091599932722,-966.0183199865444,-957.9860056671477,0.07413350394056163,p307,410
Compression + Pooling,1,0.8516641357206317,NA,NA,1.4817889964223663,570.9311405975749,-1137.8622811951498,-1129.8299668757531,0.06011754738401415,p307,410
Compression + Partial Pooling,2,0.871684868095273,NA,0.24303093100571946,1.2277189407854332,609.4900438951028,-1212.9800877902055,-1200.9316163111105,0.05472144406848271,p307,410
Linear Compression + Partial Pooling,3,0.7212677300505248,0.3296176529794568,0.1688268181286833,1.1356102066642981,625.4775417606946,-1242.9550835213893,-1226.8904548825958,0.052628708818135965,p307,410
Null,0,NA,NA,NA,4.232500000000002,484.9520180124166,-967.9040360248332,-963.6874299237484,0.09191356696600983,p308,501
Perfect Pooling,0,NA,NA,NA,7.30590277777778,348.2066265983326,-694.4132531966652,-690.1966470955804,0.12075860331672253,p308,501
Partial Pooling,1,NA,NA,-0.243153642566893,4.144099979821907,490.23937260292064,-976.4787452058413,-968.0455330036715,0.09094864840310224,p308,501
Compression + Pooling,1,0.8225185749127415,NA,NA,4.214274953549452,486.03299418273264,-968.0659883654653,-959.6327761632955,0.09171546464032401,p308,501
Compression + Partial Pooling,2,0.8905809418958789,NA,0.16747140734403468,3.39468248187523,540.2079602164952,-1074.4159204329903,-1061.7661021297358,0.08231532868838165,p308,501
Linear Compression + Partial Pooling,3,1.3868962772896516,-1.06399207496475,0.09661229298329714,2.234435278510643,644.9724978412235,-1281.944995682447,-1265.0785712781073,0.06678286199100684,p308,501
Null,0,NA,NA,NA,4.335000000000002,464.4480582579805,-926.896116515961,-922.6996723881665,0.0939623359131986,p309,491
Perfect Pooling,0,NA,NA,NA,7.932968750000002,316.09100281013923,-630.1820056202785,-625.985561492484,0.12710924106834032,p309,491
Partial Pooling,1,NA,NA,-0.371594114037027,4.131689657790001,476.24069220245553,-948.4813844049111,-940.088496149322,0.09173247273209084,p309,491
Compression + Pooling,1,0.7875723404084064,NA,NA,3.55300913561764,513.284568498272,-1022.5691369965441,-1014.1762487409551,0.08506627505639795,p309,491
Compression + Partial Pooling,2,0.8534605514082835,NA,0.18050128909906782,2.8093458580107957,570.9385796892717,-1135.8771593785434,-1123.2878269951598,0.07564180055944826,p309,491
Linear Compression + Partial Pooling,3,1.1894539881811554,-0.7240294878970531,0.17252688165343855,2.2751475718286542,622.7161864374701,-1237.4323728749403,-1220.6465963637622,0.06807129920618851,p309,491
Null,0,NA,NA,NA,3.6574999999999993,498.5270639696987,-995.0541279393974,-990.8679193154969,0.08675090872497562,p310,486
Perfect Pooling,0,NA,NA,NA,4.941215277777778,425.4250204824359,-848.8500409648718,-844.6638323409713,0.1008320862873379,p310,486
Partial Pooling,1,NA,NA,0.3892469000562836,3.121092415132341,537.066081586921,-1070.132163173842,-1061.759745926041,0.08013738736808039,p310,486
Compression + Pooling,1,0.9091699983098058,NA,NA,4.054812229686079,473.46780397908265,-942.9356079581653,-934.5631907103643,0.09134131070061528,p310,486
Compression + Partial Pooling,2,1.0235157337962246,NA,0.31148856163687866,3.0973020500003217,538.9254319273066,-1071.8508638546132,-1059.2922379829117,0.07983138158391956,p310,486
Linear Compression + Partial Pooling,3,1.0849830494427835,-0.13518725724528483,0.31514091127396227,3.0775595227469323,540.4792968725146,-1072.9585937450292,-1056.2137592494273,0.07957654806245933,p310,486
Null,0,NA,NA,NA,2.365000000000001,354.3421367815306,-706.6842735630612,-702.8701430312361,0.08402202980491079,p311,335
Perfect Pooling,0,NA,NA,NA,5.911493055555558,200.89196816654595,-399.7839363330919,-395.96980580126683,0.13283918069241285,p311,335
Partial Pooling,1,NA,NA,-0.2547870851294857,2.260651434343052,361.9005751039315,-719.801150207863,-712.1728891442128,0.08214750901180712,p311,335
Compression + Pooling,1,0.7822178665848553,NA,NA,2.4599109067126492,347.75149576255376,-691.5029915251075,-683.8747304614574,0.08569140932426107,p311,335
Compression + Partial Pooling,2,0.8743733628567031,NA,0.14686729167254434,1.5968671247177078,420.12514195251424,-834.2502839050285,-822.8078923095533,0.06904178109283371,p311,335
Linear Compression + Partial Pooling,3,1.1641265179928588,-0.6275719005009843,0.2185923693310583,1.3247825914065312,451.4133544841293,-894.8267089682586,-879.5701868409583,0.06288541086548603,p311,335
Null,0,NA,NA,NA,10.207500000000001,127.07970380113426,-252.15940760226852,-248.28447687141647,0.16933030682364208,p312,356
Perfect Pooling,0,NA,NA,NA,12.457552083333335,91.62134056654821,-181.24268113309643,-177.36775040224438,0.1870644910975571,p312,356
Partial Pooling,1,NA,NA,-0.35831399738966185,10.086991165955094,129.1936591996843,-254.3873183993686,-246.63745693766455,0.16832778988684094,p312,356
Compression + Pooling,1,0.8400838649293421,NA,NA,10.697200265854752,118.73874740055254,-233.47749480110508,-225.72763333940102,0.17334449905758356,p312,356
Compression + Partial Pooling,2,0.920977434478247,NA,-0.06302011456367826,9.803054182378126,134.27602233801287,-262.55204467602573,-250.92725248346963,0.16594176403673655,p312,356
Linear Compression + Partial Pooling,3,1.445242456766905,-1.1273814108530074,-0.11614220485645722,8.903005359274882,151.41832797215733,-294.83665594431466,-279.33693302090654,0.15814057676774504,p312,356
Null,0,NA,NA,NA,2.305000000000001,642.5038683537796,-1283.0077367075592,-1278.7851604394878,0.0676270116034466,p313,504
Perfect Pooling,0,NA,NA,NA,2.4017534722222234,632.1420296478652,-1262.2840592957305,-1258.061483027659,0.06903175988961018,p313,504
Partial Pooling,1,NA,NA,0.05706723160810672,2.3047373392490518,642.5325860461078,-1281.0651720922156,-1272.6200195560727,0.06762315835665375,p313,504
Compression + Pooling,1,0.9185388907630769,NA,NA,1.8461307227562915,698.4450280149881,-1392.8900560299762,-1384.4449034938334,0.06052237423669539,p313,504
Compression + Partial Pooling,2,0.9218020769289497,NA,0.3404329204355909,1.8032141149342211,704.372384438125,-1402.74476887625,-1390.0770400720357,0.059814762254811686,p313,504
Linear Compression + Partial Pooling,3,1.1510904447025152,-0.4948207385442288,0.16514546945252753,1.5538323923456734,741.8816524140386,-1475.7633048280773,-1458.8729997557919,0.05552477625766391,p313,504
Null,0,NA,NA,NA,4.847500000000001,419.0316633494384,-836.0633266988768,-831.8937159663853,0.10070359173893124,p314,478
Perfect Pooling,0,NA,NA,NA,9.668628472222224,254.02048078854705,-506.0409615770941,-501.87135084460266,0.14222255875225323,p314,478
Partial Pooling,1,NA,NA,-0.11813924410474833,4.809861423875237,420.8946287799207,-837.7892575598414,-829.4500360948585,0.10031187167063203,p314,478
Compression + Pooling,1,0.7916822915004261,NA,NA,5.254618543117457,399.75767463646514,-795.5153492729303,-787.1761278079474,0.1048471545747497,p314,478
Compression + Partial Pooling,2,0.890895687528051,NA,0.2307784200451799,4.194178663970908,453.6306361722783,-901.2612723445566,-888.7524401470822,0.0936719400429156,p314,478
Linear Compression + Partial Pooling,3,0.7050132234727166,0.40243344901355504,0.23795008768018946,4.025531320810542,463.4393453420099,-918.8786906840198,-902.200247754054,0.09176935023123492,p314,478
Null,0,NA,NA,NA,3.410000000000001,432.82862579649736,-863.6572515929947,-859.5888260047507,0.08884547550955266,p315,432
Perfect Pooling,0,NA,NA,NA,7.165781250000002,272.42598877489104,-542.8519775497821,-538.783551961538,0.12879230022490562,p315,432
Partial Pooling,1,NA,NA,-0.2695676112123892,3.2905851081411956,440.5283557452242,-877.0567114904484,-868.9198603139602,0.0872759712505925,p315,432
Compression + Pooling,1,0.804428740084877,NA,NA,3.8062438867736494,409.0836258998236,-814.1672517996471,-806.0304006231589,0.09386559400494926,p315,432
Compression + Partial Pooling,2,0.8889364789685839,NA,0.06991893186017595,2.5784934295003876,493.20213887143746,-980.4042777428749,-968.1990009781425,0.07725758726824283,p315,432
Linear Compression + Partial Pooling,3,0.9754796350329745,-0.18737788460503976,0.08247277966285879,2.547509591026629,495.81337050341403,-983.6267410068281,-967.3530386538516,0.07679201092686186,p315,432
Null,0,NA,NA,NA,4.642499999999998,446.21245106039794,-890.4249021207959,-886.2304967296913,0.0973369908920466,p316,490
Perfect Pooling,0,NA,NA,NA,6.052777777777778,381.22270019421137,-760.4454003884227,-756.2509949973181,0.11114228587603625,p316,490
Partial Pooling,1,NA,NA,0.4099983957066109,3.9252791346981732,487.3272604229304,-970.6545208458608,-962.2657100636515,0.08950292589788328,p316,490
Compression + Pooling,1,0.9269076996841923,NA,NA,5.4538726662109385,406.7495849147525,-809.499169829505,-801.1103590472957,0.10550048521226016,p316,490
Compression + Partial Pooling,2,1.0705453504438656,NA,0.20873304447211577,3.6852599778013637,502.7858765580319,-999.5717531160637,-986.9885369427498,0.0867233459352605,p316,490
Linear Compression + Partial Pooling,3,0.9314167624332883,0.3091818130018667,0.18420225420404587,3.5873485782146086,509.3831634025704,-1010.7663268051408,-993.9887052407221,0.08556354099367763,p316,490
Null,0,NA,NA,NA,4.532500000000002,469.2317967985142,-936.4635935970284,-932.2449934773367,0.09502044233822214,p317,502
Perfect Pooling,0,NA,NA,NA,8.78229166666667,303.2044031252192,-604.4088062504384,-600.1902061307467,0.13226717247177633,p317,502
Partial Pooling,1,NA,NA,-0.5370395275726667,4.115387032509884,493.4635325453238,-982.9270650906476,-974.4898648512642,0.09054270890841444,p317,502
Compression + Pooling,1,0.7568173947407,NA,NA,2.983450455130371,574.1982804845851,-1144.3965609691702,-1135.9593607297868,0.07709168824636055,p317,502
Compression + Partial Pooling,2,0.824280918285945,NA,0.16110209579790022,2.270782054274536,642.7102897188132,-1279.4205794376264,-1266.7647790785513,0.0672567485657649,p317,502
Linear Compression + Partial Pooling,3,1.1852112719596128,-0.7992634558359151,0.2755951667111109,1.603858128984917,729.9860599994153,-1451.9721199988305,-1435.0977195200635,0.05652376944190953,p317,502
Null,0,NA,NA,NA,4.897500000000001,416.57910206368695,-831.1582041273739,-826.9885933948824,0.10122161774829323,p318,478
Perfect Pooling,0,NA,NA,NA,8.688958333333336,279.5536642536214,-557.1073285072428,-552.9377177747513,0.1348248385833401,p318,478
Partial Pooling,1,NA,NA,-0.14893459029799602,4.851334402016322,418.8426876247976,-833.6853752495952,-825.3461537846123,0.10074341244300672,p318,478
Compression + Pooling,1,0.7961430538185869,NA,NA,4.5698588549493975,433.12807188146564,-862.2561437629313,-853.9169222979484,0.09777716591072941,p318,478
Compression + Partial Pooling,2,0.868425984786364,NA,0.3149697430991752,3.889871332242734,471.6324629447962,-937.2649258895924,-924.756093692118,0.09020978957075017,p318,478
Linear Compression + Partial Pooling,3,0.880278050666188,-0.02580612224091922,0.31620904786879356,3.889189933309907,471.6743328670924,-935.3486657341848,-918.670222804219,0.09020188808234034,p318,478
Null,0,NA,NA,NA,5.155000000000002,355.26975249087116,-708.5395049817423,-704.4504601062955,0.1081172622832641,p319,441
Perfect Pooling,0,NA,NA,NA,7.192586805555558,281.8247816908071,-561.6495633816141,-557.5605185061673,0.12770951666778116,p319,441
Partial Pooling,1,NA,NA,-0.23116212862120075,5.101482804139343,357.5708627271363,-711.1417254542725,-702.9636357033788,0.10755458250582839,p319,441
Compression + Pooling,1,0.7932301971628467,NA,NA,3.6658083301044964,430.4422271742004,-856.8844543484008,-848.7063645975071,0.0911728607890234,p319,441
Compression + Partial Pooling,2,0.8299532200346482,NA,0.3940748382602139,3.3524275386676132,450.14702073111187,-894.2940414622237,-882.0269068358832,0.0871887407003635,p319,441
Linear Compression + Partial Pooling,3,1.4619069942304677,-1.3566322198308454,0.27072148333759194,1.6633421793673,604.6857207687245,-1201.371441537449,-1185.0152620356616,0.06141458274401932,p319,441
Null,0,NA,NA,NA,5.3675,411.9992810058294,-821.9985620116588,-817.8021178838643,0.10455511414605068,p320,491
Perfect Pooling,0,NA,NA,NA,8.85527777777778,289.08936486674554,-576.1787297334911,-571.9822856056966,0.13429515611807283,p320,491
Partial Pooling,1,NA,NA,0.1784690803970684,5.242637033249787,417.7777687794495,-831.555537558899,-823.16264930331,0.10333183681465456,p320,491
Compression + Pooling,1,0.8511348271199536,NA,NA,6.305796286459339,372.44751125033906,-740.8950225006781,-732.5021342450891,0.11332591183932533,p320,491
Compression + Partial Pooling,2,0.9969466475361427,NA,0.1891378129301231,5.242318197411573,417.7926995438796,-829.5853990877592,-816.9960667043757,0.10332869465608818,p320,491
Linear Compression + Partial Pooling,3,1.0454494717451228,-0.10483426253774485,0.187330124856464,5.230593083816647,418.34240659532486,-828.6848131906497,-811.8990366794717,0.1032130760655338,p320,491
Null,0,NA,NA,NA,2.935,583.2684121704535,-1164.536824340907,-1160.3122659116318,0.07623569497367236,p321,505
Perfect Pooling,0,NA,NA,NA,3.521059027777778,537.2996884811557,-1072.5993769623115,-1068.3748185330362,0.08350086295608831,p321,505
Partial Pooling,1,NA,NA,0.35343065461073475,2.7635125437706094,598.4701549529425,-1192.940309905885,-1184.4911930473343,0.07397500974567353,p321,505
Compression + Pooling,1,0.9419165833254527,NA,NA,3.1971340650182607,561.6677061564935,-1119.335412312987,-1110.8862954544363,0.0795673208333083,p321,505
Compression + Partial Pooling,2,0.9879787033922407,NA,0.39905307152144565,2.7540206698451732,599.3389129423215,-1192.677825884643,-1180.004150596817,0.07384785898671088,p321,505
Linear Compression + Partial Pooling,3,1.1805417894374743,-0.41860430280005945,0.42114826316883963,2.566900826209262,617.1054792009027,-1226.2109584018053,-1209.3127246847039,0.07129496428982658,p321,505
