"participant","correct_width","width_deviation"
"p301",0.25,-0.05
"p301",0.25,-0.1
"p301",0.4,-0.1
"p301",0.4,0
"p301",0.25,5.55111512312578e-17
"p301",0.25,5.55111512312578e-17
"p301",0.4,-0.05
"p301",0.55,-0.2
"p301",0.25,0.05
"p301",0.25,0
"p301",0.4,-0.15
"p301",0.55,0.05
"p301",0.25,-0.05
"p301",0.4,-5.55111512312578e-17
"p301",0.4,-0.05
"p301",0.55,-0.2
"p301",0.25,0.1
"p301",0.55,-0.15
"p301",0.25,0
"p301",0.4,-0.05
"p301",0.25,0
"p301",0.55,-0.2
"p301",0.4,-0.05
"p301",0.55,-0.15
"p301",0.55,-0.2
"p301",0.4,-0.1
"p301",0.4,-0.05
"p301",0.55,-0.05
"p301",0.55,-0.05
"p301",0.55,-0.2
"p302",0.55,-0.15
"p302",0.55,-0.15
"p302",0.25,-0.05
"p302",0.4,-0.1
"p302",0.55,-0.15
"p302",0.4,-5.55111512312578e-17
"p302",0.25,-0.05
"p302",0.4,-0.15
"p302",0.4,-0.1
"p302",0.55,-0.15
"p302",0.25,-0.0499999999999999
"p302",0.4,-0.15
"p302",0.25,-0.0999999999999999
"p302",0.25,-0.15
"p302",0.4,-0.15
"p302",0.25,-0.15
"p302",0.55,-0.15
"p302",0.4,-0.15
"p302",0.55,-0.2
"p302",0.25,-0.15
"p302",0.55,-0.15
"p302",0.25,-0.15
"p302",0.55,-0.15
"p302",0.4,-0.15
"p302",0.55,-0.1
"p302",0.4,0.0499999999999999
"p302",0.25,0
"p302",0.25,-0.1
"p302",0.4,-0.15
"p302",0.55,-0.15
"p303",0.25,-0.1
"p303",0.4,-0.15
"p303",0.25,-0.1
"p303",0.4,-0.15
"p303",0.4,-0.2
"p303",0.55,-0.15
"p303",0.55,-0.2
"p303",0.55,-0.1
"p303",0.25,0
"p303",0.25,-0.15
"p303",0.25,-0.0499999999999999
"p303",0.55,-1.11022302462516e-16
"p303",0.55,-1.11022302462516e-16
"p303",0.4,-0.05
"p303",0.25,0
"p303",0.4,-0.25
"p303",0.55,-0.3
"p303",0.25,0.15
"p303",0.55,-0.15
"p303",0.25,0.05
"p303",0.4,-0.1
"p303",0.25,0.05
"p303",0.4,0.0499999999999999
"p303",0.4,-0.1
"p303",0.55,-1.11022302462516e-16
"p303",0.4,-0.15
"p303",0.4,0.0499999999999999
"p303",0.25,-0.05
"p303",0.55,-1.11022302462516e-16
"p303",0.55,-0.0500000000000001
"p304",0.55,-0.15
"p304",0.25,-0.1
"p304",0.25,-0.05
"p304",0.25,-0.1
"p304",0.4,-0.05
"p304",0.4,-0.15
"p304",0.4,-0.1
"p304",0.55,-0.15
"p304",0.55,-0.15
"p304",0.55,-0.2
"p304",0.4,-0.05
"p304",0.25,5.55111512312578e-17
"p304",0.55,-0.2
"p304",0.4,-0.1
"p304",0.25,-0.05
"p304",0.25,-0.0499999999999999
"p304",0.25,0
"p304",0.55,-0.15
"p304",0.55,-0.15
"p304",0.55,-0.15
"p304",0.4,0.05
"p304",0.4,-0.05
"p304",0.55,-0.2
"p304",0.4,-5.55111512312578e-17
"p304",0.25,-0.0499999999999999
"p304",0.25,-0.0999999999999999
"p304",0.4,-0.15
"p304",0.4,-0.1
"p304",0.55,-0.2
"p304",0.25,-0.05
"p305",0.55,-0.2
"p305",0.4,0
"p305",0.25,0
"p305",0.55,-0.1
"p305",0.4,-0.05
"p305",0.25,0.1
"p305",0.4,-0.05
"p305",0.25,-0.05
"p305",0.25,-0.05
"p305",0.55,-0.1
"p305",0.55,-0.1
"p305",0.25,-0.0499999999999999
"p305",0.4,0
"p305",0.4,0.1
"p305",0.4,-0.1
"p305",0.4,-0.15
"p305",0.55,-0.1
"p305",0.4,-0.05
"p305",0.25,0.15
"p305",0.25,0.1
"p305",0.55,-0.0500000000000001
"p305",0.4,-0.05
"p305",0.25,0.1
"p305",0.55,-0.15
"p305",0.55,-0.1
"p305",0.4,0.0499999999999999
"p305",0.25,0.05
"p305",0.55,-0.15
"p305",0.55,-0.0500000000000001
"p305",0.25,-0.1
"p306",0.4,-0.05
"p306",0.4,-5.55111512312578e-17
"p306",0.55,-1.11022302462516e-16
"p306",0.55,-0.2
"p306",0.4,-0.05
"p306",0.55,-0.15
"p306",0.25,-0.0999999999999999
"p306",0.55,-0.15
"p306",0.25,-0.1
"p306",0.25,-0.0999999999999999
"p306",0.55,-0.15
"p306",0.4,-0.1
"p306",0.25,-0.0999999999999999
"p306",0.25,-0.0999999999999999
"p306",0.55,-0.1
"p306",0.25,-0.15
"p306",0.25,0
"p306",0.4,-0.05
"p306",0.4,-0.05
"p306",0.4,-0.05
"p306",0.25,-0.1
"p306",0.25,-0.0999999999999999
"p306",0.55,-0.1
"p306",0.4,0.0499999999999999
"p306",0.55,-0.0500000000000001
"p306",0.55,-1.11022302462516e-16
"p306",0.25,-0.05
"p306",0.4,-5.55111512312578e-17
"p306",0.4,0.0499999999999999
"p306",0.55,-0.05
"p307",0.25,0
"p307",0.4,-0.05
"p307",0.25,0
"p307",0.55,-0.05
"p307",0.25,-0.1
"p307",0.4,-0.1
"p307",0.55,-0.05
"p307",0.4,0
"p307",0.25,0
"p307",0.4,0
"p307",0.55,-0.05
"p307",0.55,0.0499999999999999
"p307",0.55,0.0499999999999999
"p307",0.4,0
"p307",0.25,-0.05
"p307",0.55,-0.1
"p307",0.55,0
"p307",0.25,-0.05
"p307",0.4,0
"p307",0.4,0.05
"p307",0.25,-0.05
"p307",0.25,-0.05
"p307",0.55,0.15
"p307",0.55,0.0499999999999999
"p307",0.4,0
"p307",0.25,-0.1
"p307",0.4,-0.05
"p307",0.55,0.0499999999999999
"p307",0.25,-0.1
"p307",0.4,-0.05
"p308",0.4,-0.1
"p308",0.55,-0.1
"p308",0.4,-0.05
"p308",0.55,-0.1
"p308",0.55,-0.1
"p308",0.55,-0.2
"p308",0.55,-0.15
"p308",0.55,-0.1
"p308",0.25,0
"p308",0.25,0
"p308",0.4,-0.05
"p308",0.55,-0.15
"p308",0.4,-5.55111512312578e-17
"p308",0.25,5.55111512312578e-17
"p308",0.25,0
"p308",0.25,-0.05
"p308",0.4,-0.05
"p308",0.25,0
"p308",0.55,-0.1
"p308",0.55,-0.4
"p308",0.4,-0.05
"p308",0.25,0.05
"p308",0.4,-0.05
"p308",0.25,0.05
"p308",0.4,-5.55111512312578e-17
"p308",0.4,-0.1
"p308",0.4,0
"p308",0.25,0.2
"p308",0.25,5.55111512312578e-17
"p308",0.55,-0.1
"p309",0.4,-0.1
"p309",0.4,-0.1
"p309",0.55,-0.1
"p309",0.4,-5.55111512312578e-17
"p309",0.4,-5.55111512312578e-17
"p309",0.25,-0.1
"p309",0.25,-0.1
"p309",0.25,-0.05
"p309",0.4,-5.55111512312578e-17
"p309",0.25,-0.05
"p309",0.4,-0.1
"p309",0.25,0
"p309",0.25,-0.15
"p309",0.55,-0.25
"p309",0.55,-0.0500000000000001
"p309",0.55,-0.1
"p309",0.55,-0.25
"p309",0.25,-0.0999999999999999
"p309",0.25,0
"p309",0.55,-0.1
"p309",0.55,-0.15
"p309",0.25,-0.15
"p309",0.4,-0.15
"p309",0.25,-0.15
"p309",0.55,-0.25
"p309",0.4,-0.05
"p309",0.55,-0.2
"p309",0.55,-0.3
"p309",0.4,-5.55111512312578e-17
"p309",0.4,-0.05
"p310",0.4,0.15
"p310",0.25,0
"p310",0.25,-0.1
"p310",0.4,-0.1
"p310",0.25,-0.1
"p310",0.25,-0.15
"p310",0.4,0.1
"p310",0.4,-0.05
"p310",0.25,0
"p310",0.55,-0.1
"p310",0.4,0.0499999999999999
"p310",0.55,-0.1
"p310",0.4,0.05
"p310",0.4,-0.05
"p310",0.25,-0.0999999999999999
"p310",0.55,-0.2
"p310",0.55,-0.15
"p310",0.4,0.0499999999999999
"p310",0.25,0.1
"p310",0.55,-0.1
"p310",0.4,-5.55111512312578e-17
"p310",0.55,0
"p310",0.25,0
"p310",0.25,0
"p310",0.25,0
"p310",0.55,-0.1
"p310",0.55,-0.1
"p310",0.55,-0.15
"p310",0.55,-0.1
"p310",0.4,0
"p311",0.25,-0.05
"p311",0.25,-0.05
"p311",0.25,0
"p311",0.25,-0.1
"p311",0.55,-0.25
"p311",0.4,0
"p311",0.4,-0.05
"p311",0.55,-0.2
"p311",0.55,-0.2
"p311",0.55,-0.25
"p311",0.25,5.55111512312578e-17
"p311",0.4,-0.2
"p311",0.25,-0.05
"p311",0.4,0
"p311",0.4,-5.55111512312578e-17
"p311",0.4,-0.05
"p311",0.25,0
"p311",0.55,-0.15
"p311",0.55,-0.15
"p311",0.4,-5.55111512312578e-17
"p311",0.55,-0.1
"p311",0.4,-5.55111512312578e-17
"p311",0.4,-0.05
"p311",0.4,-5.55111512312578e-17
"p311",0.55,-0.05
"p311",0.25,-0.05
"p311",0.25,0.15
"p311",0.55,-0.05
"p311",0.25,0
"p311",0.55,-0.15
"p312",0.25,0.05
"p312",0.55,-0.2
"p312",0.4,-0.05
"p312",0.25,0
"p312",0.4,-0.1
"p312",0.4,-0.05
"p312",0.25,-0.1
"p312",0.25,5.55111512312578e-17
"p312",0.4,-0.05
"p312",0.55,-0.15
"p312",0.4,0.05
"p312",0.55,-0.25
"p312",0.55,-0.15
"p312",0.25,-0.05
"p312",0.4,-0.1
"p312",0.55,-0.1
"p312",0.55,-0.3
"p312",0.25,0.15
"p312",0.25,-0.05
"p312",0.25,-0.0499999999999999
"p312",0.25,-0.1
"p312",0.55,-0.2
"p312",0.4,-0.05
"p312",0.55,-0.25
"p312",0.4,-5.55111512312578e-17
"p312",0.4,0
"p312",0.25,0.05
"p312",0.55,-0.15
"p312",0.55,-0.15
"p312",0.4,-0.2
"p313",0.25,0
"p313",0.25,0
"p313",0.25,-0.1
"p313",0.4,-0.1
"p313",0.55,-0.1
"p313",0.25,-0.05
"p313",0.4,-0.05
"p313",0.55,-0.0500000000000001
"p313",0.4,-0.05
"p313",0.4,-0.1
"p313",0.55,0.0499999999999999
"p313",0.25,-0.15
"p313",0.25,0.05
"p313",0.4,-0.15
"p313",0.55,-0.0500000000000001
"p313",0.55,-0.0500000000000001
"p313",0.55,-0.0500000000000001
"p313",0.25,-0.05
"p313",0.4,-0.2
"p313",0.55,-0.1
"p313",0.25,0.05
"p313",0.25,-0.0499999999999999
"p313",0.55,-0.0500000000000001
"p313",0.4,-0.15
"p313",0.4,-5.55111512312578e-17
"p313",0.55,-0.3
"p313",0.55,-0.1
"p313",0.4,0.0499999999999999
"p313",0.25,-0.05
"p313",0.4,0.0499999999999999
"p314",0.55,-0.2
"p314",0.4,-0.1
"p314",0.55,-0.25
"p314",0.25,-0.0499999999999999
"p314",0.25,-0.15
"p314",0.4,-0.2
"p314",0.25,-0.05
"p314",0.55,-0.2
"p314",0.25,-0.05
"p314",0.25,5.55111512312578e-17
"p314",0.4,-0.15
"p314",0.55,-0.2
"p314",0.25,5.55111512312578e-17
"p314",0.25,-0.15
"p314",0.25,-0.05
"p314",0.4,-5.55111512312578e-17
"p314",0.4,0.1
"p314",0.55,-0.0500000000000001
"p314",0.4,0.15
"p314",0.55,0.1
"p314",0.25,-0.0999999999999999
"p314",0.55,-1.11022302462516e-16
"p314",0.4,0.2
"p314",0.4,0.25
"p314",0.55,0.0499999999999999
"p314",0.25,0.15
"p314",0.55,0.0499999999999999
"p314",0.4,0.2
"p314",0.55,0.15
"p314",0.4,0.3
"p315",0.55,-0.15
"p315",0.25,-0.15
"p315",0.25,-0.05
"p315",0.4,0
"p315",0.4,0.05
"p315",0.4,0
"p315",0.4,0
"p315",0.25,-0.05
"p315",0.55,-0.15
"p315",0.4,-0.2
"p315",0.4,-0.1
"p315",0.4,-0.15
"p315",0.55,-0.25
"p315",0.4,-0.1
"p315",0.55,-0.1
"p315",0.55,-0.25
"p315",0.25,0
"p315",0.4,-0.2
"p315",0.25,-0.1
"p315",0.55,-0.15
"p315",0.25,-0.05
"p315",0.55,-0.15
"p315",0.55,-0.3
"p315",0.55,-0.15
"p315",0.25,-0.05
"p315",0.25,0
"p315",0.25,0
"p315",0.4,-0.1
"p315",0.25,-0.15
"p315",0.55,-0.2
"p316",0.25,-0.1
"p316",0.4,0.0499999999999999
"p316",0.55,0
"p316",0.4,-0.05
"p316",0.25,-0.05
"p316",0.25,0
"p316",0.4,0.0499999999999999
"p316",0.4,-0.1
"p316",0.55,0.0499999999999999
"p316",0.55,-1.11022302462516e-16
"p316",0.4,0.25
"p316",0.4,0.2
"p316",0.4,0.2
"p316",0.55,0.1
"p316",0.25,0.05
"p316",0.55,0.0499999999999999
"p316",0.55,0.15
"p316",0.25,0.05
"p316",0.55,-0.0500000000000001
"p316",0.55,0.1
"p316",0.4,0.0499999999999999
"p316",0.25,0.25
"p316",0.4,0.05
"p316",0.4,0.4
"p316",0.25,5.55111512312578e-17
"p316",0.25,0.05
"p316",0.55,0.25
"p316",0.25,-0.0499999999999999
"p316",0.25,0.05
"p316",0.55,-0.1
"p317",0.4,0
"p317",0.55,-0.2
"p317",0.25,0
"p317",0.4,-0.05
"p317",0.55,-0.1
"p317",0.25,-0.0499999999999999
"p317",0.55,-0.15
"p317",0.55,-0.05
"p317",0.4,-0.05
"p317",0.4,-0.05
"p317",0.4,-0.05
"p317",0.4,-0.1
"p317",0.25,0.05
"p317",0.4,-5.55111512312578e-17
"p317",0.4,-0.15
"p317",0.4,-0.05
"p317",0.25,-0.05
"p317",0.55,-0.2
"p317",0.25,-0.0499999999999999
"p317",0.4,-0.1
"p317",0.25,-0.05
"p317",0.55,-0.05
"p317",0.55,0
"p317",0.25,0.05
"p317",0.25,-0.0499999999999999
"p317",0.25,-0.1
"p317",0.25,-0.05
"p317",0.55,-0.15
"p317",0.55,-0.2
"p317",0.55,-0.05
"p318",0.25,0
"p318",0.55,-0.2
"p318",0.4,-0.05
"p318",0.55,-0.2
"p318",0.25,-0.1
"p318",0.55,-1.11022302462516e-16
"p318",0.55,-0.1
"p318",0.55,-0.15
"p318",0.55,0
"p318",0.25,0
"p318",0.25,-0.1
"p318",0.4,-0.1
"p318",0.4,-0.15
"p318",0.25,-0.1
"p318",0.4,-0.2
"p318",0.25,-0.1
"p318",0.4,-0.3
"p318",0.25,-0.15
"p318",0.4,-0.25
"p318",0.25,-0.0499999999999999
"p318",0.55,-0.3
"p318",0.25,-0.1
"p318",0.55,-0.2
"p318",0.25,-0.05
"p318",0.55,-0.2
"p318",0.4,0.05
"p318",0.4,-0.1
"p318",0.55,-0.15
"p318",0.4,0
"p318",0.4,-0.15
"p319",0.4,0.05
"p319",0.4,0
"p319",0.55,-0.15
"p319",0.4,0
"p319",0.25,0
"p319",0.55,-0.1
"p319",0.55,-0.0500000000000001
"p319",0.4,-5.55111512312578e-17
"p319",0.4,-5.55111512312578e-17
"p319",0.4,0.05
"p319",0.4,-5.55111512312578e-17
"p319",0.25,0.15
"p319",0.25,0.05
"p319",0.25,0.1
"p319",0.55,-0.15
"p319",0.4,-0.05
"p319",0.25,0.1
"p319",0.55,-0.05
"p319",0.4,-5.55111512312578e-17
"p319",0.55,-0.15
"p319",0.25,0.1
"p319",0.4,-0.05
"p319",0.25,0.15
"p319",0.55,-0.25
"p319",0.55,-0.15
"p319",0.55,-0.15
"p319",0.25,0.15
"p319",0.25,0.1
"p319",0.55,-0.1
"p319",0.25,0.1
"p320",0.55,-0.1
"p320",0.55,-0.15
"p320",0.4,0.05
"p320",0.25,0
"p320",0.55,-0.1
"p320",0.4,0.05
"p320",0.25,0.05
"p320",0.25,-0.05
"p320",0.4,-0.05
"p320",0.4,0.1
"p320",0.4,-0.1
"p320",0.25,0.2
"p320",0.55,-0.15
"p320",0.55,-0.1
"p320",0.25,-0.15
"p320",0.4,-0.1
"p320",0.55,-1.11022302462516e-16
"p320",0.55,-0.1
"p320",0.55,-0.1
"p320",0.25,-0.05
"p320",0.4,0.0499999999999999
"p320",0.55,-0.0500000000000001
"p320",0.4,0.2
"p320",0.55,0.1
"p320",0.25,0.2
"p320",0.25,0.5
"p320",0.25,-0.1
"p320",0.4,-0.15
"p320",0.4,-0.05
"p320",0.25,-0.05
"p321",0.4,-0.05
"p321",0.25,5.55111512312578e-17
"p321",0.55,-0.1
"p321",0.4,-0.05
"p321",0.25,0
"p321",0.25,-0.05
"p321",0.55,-0.2
"p321",0.4,-0.05
"p321",0.55,-0.15
"p321",0.25,-0.0499999999999999
"p321",0.4,-5.55111512312578e-17
"p321",0.55,-0.15
"p321",0.55,-0.1
"p321",0.4,-0.05
"p321",0.25,-0.05
"p321",0.55,-0.05
"p321",0.25,0.05
"p321",0.4,-0.15
"p321",0.25,0
"p321",0.55,-0.1
"p321",0.55,-0.15
"p321",0.25,0
"p321",0.25,0
"p321",0.4,-0.05
"p321",0.4,-0.05
"p321",0.55,-0.1
"p321",0.4,-0.1
"p321",0.55,0.15
"p321",0.25,0.1
"p321",0.4,0.0499999999999999
